{
	"partitions" : [
		{
			"name" : "Top",
			"pins" : [
				{
					"name" : "led[0]",
					"strict" : false
				},
				{
					"name" : "led[1]",
					"strict" : false
				},
				{
					"name" : "led[2]",
					"strict" : false
				},
				{
					"name" : "led[3]",
					"strict" : false
				},
				{
					"name" : "key[0]",
					"strict" : false
				},
				{
					"name" : "key[1]",
					"strict" : false
				},
				{
					"name" : "key[2]",
					"strict" : false
				},
				{
					"name" : "key[3]",
					"strict" : false
				}
			]
		}
	]
}