{
	"system" : {
		"platform" : "windows64",
		"os_name" : "Windows 8",
		"os_version" : "6.2"
	},
	"error" : {
		"executable" : "quartus",
		"comment" : "none",
		"error_message" : "Access Violation at 0X00007FFD5DE55970",
		"source_file" : "unknown",
		"line" : "0",
		"stack_trace" : "\t0x7ffd5de5596f: QtWebKit4 + 0xb5596f (?staticMetaObjectExtraData@QWebPluginDatabase@@0UQMetaObjectExtraData@@B + 0xdc5bf)\n\t0x7ffd85713ac0: ccl_ipc + 0x3ac0 (?run@IPC_COMMAND@@QEAA_NAEBV?$basic_string@DU?$char_traits@D@std@@V?$allocator@D@2@@std@@0_NPEAK01@Z + 0x590)\n\t0x7ffdd38689d2: edt_wedtq + 0xe89d2 (__NULL_IMPORT_DESCRIPTOR + 0x11cee)\n\t0x1f1000003ff:\n\t0x1f19e3badf7:\n\t0x7ffdd38688df: edt_wedtq + 0xe88df (__NULL_IMPORT_DESCRIPTOR + 0x11bfb)\n\t0x7ffcffffffff:\n",
		"subsystem" : "unknown"
	},
	"quartus" : {
		"quartus_bits" : "64",
		"version" : "16.0.0",
		"build" : "211",
		"edition" : "Lite Edition"
	}
}