<?xml version="1.0" encoding="UTF-8"?>
<deploy
 date="2020.07.01.21:25:33"
 outputDirectory="C:/FPGA/RZ-EasyFPGA/3-Experiment code/Development board routines/Peripheral control 16 Temperature sensor LM75A test/LM75A_last/unnamed/">
 <perimeter>
  <parameter
     name="AUTO_GENERATION_ID"
     type="Integer"
     defaultValue="0"
     onHdl="0"
     affectsHdl="1" />
  <parameter
     name="AUTO_UNIQUE_ID"
     type="String"
     defaultValue=""
     onHdl="0"
     affectsHdl="1" />
  <parameter
     name="AUTO_DEVICE_FAMILY"
     type="String"
     defaultValue="Cyclone IV E"
     onHdl="0"
     affectsHdl="1" />
  <parameter
     name="AUTO_DEVICE"
     type="String"
     defaultValue="EP4CE6E22C8"
     onHdl="0"
     affectsHdl="1" />
  <parameter
     name="AUTO_DEVICE_SPEEDGRADE"
     type="String"
     defaultValue="8"
     onHdl="0"
     affectsHdl="1" />
  <interface name="altclkctrl_input" kind="conduit" start="0">
   <property name="associatedClock" value="" />
   <property name="associatedReset" value="" />
   <port name="inclk" direction="input" role="inclk" width="1" />
  </interface>
  <interface name="altclkctrl_output" kind="conduit" start="0">
   <property name="associatedClock" value="" />
   <property name="associatedReset" value="" />
   <port name="outclk" direction="output" role="outclk" width="1" />
  </interface>
 </perimeter>
 <entity
   path=""
   parameterizationKey="unnamed:1.0:AUTO_DEVICE=EP4CE6E22C8,AUTO_DEVICE_FAMILY=Cyclone IV E,AUTO_DEVICE_SPEEDGRADE=8,AUTO_GENERATION_ID=1593606329,AUTO_UNIQUE_ID=(altclkctrl:16.0:CLOCK_TYPE=1,DEVICE_FAMILY=Cyclone IV E,ENA_REGISTER_MODE=1,GUI_USE_ENA=false,NUMBER_OF_CLOCKS=1,USE_GLITCH_FREE_SWITCH_OVER_IMPLEMENTATION=false)"
   instancePathKey="unnamed"
   kind="unnamed"
   version="1.0"
   name="unnamed">
  <parameter name="AUTO_GENERATION_ID" value="1593606329" />
  <parameter name="AUTO_DEVICE" value="EP4CE6E22C8" />
  <parameter name="AUTO_DEVICE_FAMILY" value="Cyclone IV E" />
  <parameter name="AUTO_UNIQUE_ID" value="" />
  <parameter name="AUTO_DEVICE_SPEEDGRADE" value="8" />
  <generatedFiles>
   <file
       path="C:/FPGA/RZ-EasyFPGA/3-Experiment code/Development board routines/Peripheral control 16 Temperature sensor LM75A test/LM75A_last/unnamed/synthesis/unnamed.v"
       type="VERILOG" />
  </generatedFiles>
  <childGeneratedFiles>
   <file
       path="C:/FPGA/RZ-EasyFPGA/3-Experiment code/Development board routines/Peripheral control 16 Temperature sensor LM75A test/LM75A_last/unnamed/synthesis/submodules/unnamed_altclkctrl_0.v"
       type="VERILOG"
       attributes="" />
  </childGeneratedFiles>
  <sourceFiles>
   <file
       path="C:/FPGA/RZ-EasyFPGA/3-Experiment code/Development board routines/Peripheral control 16 Temperature sensor LM75A test/LM75A_last/unnamed.qsys" />
  </sourceFiles>
  <childSourceFiles>
   <file
       path="C:/altera_lite/16.0/ip/altera/megafunctions/altclkctrl/altclkctrl_hw.tcl" />
  </childSourceFiles>
  <messages>
   <message level="Debug" culprit="unnamed">queue size: 0 starting:unnamed "unnamed"</message>
   <message level="Progress" culprit="min"></message>
   <message level="Progress" culprit="max"></message>
   <message level="Progress" culprit="current"></message>
   <message level="Debug">Transform: CustomInstructionTransform</message>
   <message level="Debug">No custom instruction connections, skipping transform </message>
   <message level="Debug" culprit="merlin_custom_instruction_transform"><![CDATA[After transform: <b>1</b> modules, <b>0</b> connections]]></message>
   <message level="Debug">Transform: MMTransform</message>
   <message level="Debug">Transform: InterruptMapperTransform</message>
   <message level="Debug">Transform: InterruptSyncTransform</message>
   <message level="Debug">Transform: InterruptFanoutTransform</message>
   <message level="Debug">Transform: AvalonStreamingTransform</message>
   <message level="Debug">Transform: ResetAdaptation</message>
   <message level="Debug" culprit="unnamed"><![CDATA["<b>unnamed</b>" reuses <b>altclkctrl</b> "<b>submodules/unnamed_altclkctrl_0</b>"]]></message>
   <message level="Debug" culprit="unnamed">queue size: 0 starting:altclkctrl "submodules/unnamed_altclkctrl_0"</message>
   <message level="Info" culprit="altclkctrl_0">Generating top-level entity unnamed_altclkctrl_0.</message>
   <message level="Debug" culprit="altclkctrl_0">Current quartus bindir: C:/altera_lite/16.0/quartus/bin64/.</message>
   <message level="Info" culprit="altclkctrl_0"><![CDATA["<b>unnamed</b>" instantiated <b>altclkctrl</b> "<b>altclkctrl_0</b>"]]></message>
  </messages>
 </entity>
 <entity
   path="submodules/"
   parameterizationKey="altclkctrl:16.0:CLOCK_TYPE=1,DEVICE_FAMILY=Cyclone IV E,ENA_REGISTER_MODE=1,GUI_USE_ENA=false,NUMBER_OF_CLOCKS=1,USE_GLITCH_FREE_SWITCH_OVER_IMPLEMENTATION=false"
   instancePathKey="unnamed:.:altclkctrl_0"
   kind="altclkctrl"
   version="16.0"
   name="unnamed_altclkctrl_0">
  <parameter name="NUMBER_OF_CLOCKS" value="1" />
  <parameter name="USE_GLITCH_FREE_SWITCH_OVER_IMPLEMENTATION" value="false" />
  <parameter name="GUI_USE_ENA" value="false" />
  <parameter name="DEVICE_FAMILY" value="Cyclone IV E" />
  <parameter name="ENA_REGISTER_MODE" value="1" />
  <parameter name="CLOCK_TYPE" value="1" />
  <generatedFiles>
   <file
       path="C:/FPGA/RZ-EasyFPGA/3-Experiment code/Development board routines/Peripheral control 16 Temperature sensor LM75A test/LM75A_last/unnamed/synthesis/submodules/unnamed_altclkctrl_0.v"
       type="VERILOG"
       attributes="" />
  </generatedFiles>
  <childGeneratedFiles/>
  <sourceFiles>
   <file
       path="C:/altera_lite/16.0/ip/altera/megafunctions/altclkctrl/altclkctrl_hw.tcl" />
  </sourceFiles>
  <childSourceFiles/>
  <instantiator instantiator="unnamed" as="altclkctrl_0" />
  <messages>
   <message level="Debug" culprit="unnamed">queue size: 0 starting:altclkctrl "submodules/unnamed_altclkctrl_0"</message>
   <message level="Info" culprit="altclkctrl_0">Generating top-level entity unnamed_altclkctrl_0.</message>
   <message level="Debug" culprit="altclkctrl_0">Current quartus bindir: C:/altera_lite/16.0/quartus/bin64/.</message>
   <message level="Info" culprit="altclkctrl_0"><![CDATA["<b>unnamed</b>" instantiated <b>altclkctrl</b> "<b>altclkctrl_0</b>"]]></message>
  </messages>
 </entity>
</deploy>
